rank,headword,sfi,u_per_million
1,the,87.85,60910
2,be,86.86,48575
3,and,84.88,30789
4,of,84.79,30126
5,to,84.66,29272
6,a,84.45,27872
7,in,83.25,21142
8,have,81.53,14210
9,it,81.39,13772
10,you,81.08,12810
11,he,80.42,11017
12,for,80.01,10025
13,they,79.9,9764
14,not,79.77,9494
15,that,79.37,8653
16,we,79.24,8401
17,on,78.9,7763
18,with,78.68,7381
19,this,78.45,7003
20,I,78.34,6820
21,do,78.33,6802
22,as,78.29,6747
23,at,77.46,5570
24,she,77.16,5195
25,but,77.06,5087
26,from,76.63,4598
27,by,76.36,4323
28,will,76.23,4195
29,or,76.09,4060
30,say,75.35,3425
31,go,75.13,3260
32,so,75.09,3227
33,all,75.02,3175
34,if,74.78,3009
35,one,74.77,2997
36,would,74.77,2997
37,about,74.72,2967
38,can,74.61,2890
39,which,74.6,2886
40,there,74.5,2820
41,know,74.21,2634
42,more,74.2,2631
43,get,74.1,2573
44,who,74.04,2534
45,like,73.92,2465
46,when,73.86,2435
47,think,73.86,2433
48,make,73.73,2359
49,time,73.62,2302
50,see,73.48,2226
51,what,73.43,2204
52,up,73.32,2150
53,some,73.28,2130
54,other,73.22,2100
55,out,73.15,2064
56,good,73.09,2038
57,people,73.05,2019
58,year,72.9,1949
59,take,72.73,1873
60,no,72.68,1854
61,well,72.64,1835
62,because,72.61,1824
63,very,72.53,1792
64,just,72.43,1751
65,come,72.29,1694
66,could,72.27,1688
67,work,72.24,1674
68,use,72.19,1657
69,than,72.02,1591
70,now,71.94,1563
71,then,71.91,1554
72,also,71.91,1552
73,into,71.7,1477
74,only,71.69,1475
75,look,71.37,1370
76,want,71.31,1354
77,give,71.24,1332
78,first,71.21,1321
79,new,71.1,1290
80,way,71.07,1279
81,find,70.92,1236
82,over,70.92,1235
83,any,70.88,1224
84,after,70.83,1210
85,day,70.75,1187
86,where,70.75,1187
87,thing,70.65,1161
88,most,70.59,1146
89,should,70.54,1132
90,need,70.53,1129
91,much,70.51,1125
92,right,70.47,1113
93,how,70.39,1093
94,back,70.22,1051
95,mean,70.09,1021
96,even,69.95,988
97,may,69.82,959
98,here,69.77,947
99,many,69.75,945
100,such,69.71,936
101,last,69.62,917
102,child,69.59,910
103,tell,69.55,901
104,really,69.4,870
105,call,69.39,869
106,before,69.29,849
107,company,69.25,842
108,through,69.23,838
109,down,69.21,833
110,show,69.18,827
111,life,69.09,812
112,man,69.07,807
113,change,69.02,799
114,place,69,795
115,long,68.98,791
116,between,68.94,784
117,feel,68.92,780
118,too,68.82,763
119,still,68.76,752
120,problem,68.65,733
121,write,68.65,732
122,same,68.58,721
123,lot,68.54,715
124,great,68.51,710
125,try,68.45,699
126,leave,68.44,699
127,number,68.44,698
128,both,68.42,695
129,own,68.4,693
130,part,68.4,692
131,point,68.35,684
132,little,68.33,681
133,help,68.32,680
134,ask,68.29,675
135,meet,68.26,671
136,start,68.26,669
137,talk,68.23,665
138,something,68.23,665
139,put,68.16,655
140,another,68.16,655
141,become,68.15,654
142,interest,68.15,653
143,country,68.15,653
144,old,68.11,647
145,each,68.1,646
146,school,68.05,638
147,late,68.05,638
148,high,68.04,637
149,different,68.03,636
150,off,68,630
151,next,67.92,620
152,end,67.92,619
153,live,67.84,608
154,why,67.83,607
155,while,67.77,598
156,world,67.76,597
157,week,67.75,596
158,play,67.73,593
159,might,67.68,587
160,must,67.68,586
161,home,67.67,585
162,never,67.63,580
163,include,67.6,575
164,course,67.6,575
165,house,67.57,572
166,report,67.56,570
167,group,67.55,569
168,case,67.55,569
169,woman,67.55,568
170,around,67.54,568
171,book,67.53,566
172,family,67.52,565
173,seem,67.5,562
174,let,67.44,555
175,again,67.44,554
176,kind,67.43,554
177,keep,67.41,551
178,hear,67.37,546
179,system,67.36,545
180,every,67.36,545
181,question,67.34,542
182,during,67.32,540
183,always,67.25,531
184,big,67.22,527
185,set,67.21,526
186,small,67.2,525
187,study,67.19,524
188,follow,67.17,521
189,begin,67.14,518
190,important,67.14,518
191,since,67.12,515
192,run,67.08,510
193,under,67.07,509
194,turn,67.07,509
195,few,67.07,509
196,bring,67,502
197,early,66.98,499
198,hand,66.97,497
199,state,66.94,494
200,move,66.93,493
201,money,66.92,492
202,fact,66.86,486
203,however,66.8,479
204,area,66.78,477
205,provide,66.78,476
206,name,66.74,472
207,read,66.73,471
208,friend,66.7,468
209,month,66.7,468
210,large,66.67,464
211,business,66.67,464
212,without,66.64,461
213,information,66.62,459
214,open,66.61,459
215,order,66.59,456
216,government,66.58,455
217,word,66.58,455
218,issue,66.56,453
219,market,66.53,450
220,pay,66.51,447
221,build,66.5,446
222,hold,66.45,442
223,service,66.44,440
224,against,66.39,436
225,believe,66.38,435
226,second,66.36,433
227,though,66.34,430
228,yes,66.33,430
229,love,66.3,427
230,increase,66.28,425
231,job,66.28,425
232,plan,66.28,425
233,result,66.27,424
234,away,66.27,424
235,example,66.24,420
236,happen,66.23,420
237,offer,66.21,418
238,young,66.2,417
239,close,66.19,416
240,program,66.17,414
241,lead,66.13,410
242,buy,66.07,405
243,understand,66.05,403
244,thank,66.01,399
245,far,66,398
246,today,65.94,392
247,hour,65.93,391
248,student,65.92,391
249,face,65.91,390
250,hope,65.89,388
251,idea,65.87,387
252,cost,65.86,386
253,less,65.86,385
254,room,65.85,385
255,until,65.83,383
256,reason,65.83,383
257,form,65.79,379
258,spend,65.78,378
259,head,65.77,378
260,car,65.77,377
261,learn,65.74,375
262,level,65.71,373
263,person,65.66,368
264,experience,65.63,365
265,once,65.62,365
266,member,65.61,364
267,enough,65.6,363
268,bad,65.59,363
269,city,65.59,362
270,night,65.58,361
271,able,65.57,361
272,support,65.55,359
273,whether,65.55,359
274,line,65.54,358
275,present,65.54,358
276,side,65.51,356
277,quite,65.5,354
278,although,65.46,351
279,sure,65.45,351
280,term,65.44,350
281,least,65.44,350
282,age,65.43,349
283,low,65.43,349
284,speak,65.42,348
285,within,65.4,347
286,process,65.4,346
287,public,65.35,343
288,often,65.33,341
289,train,65.29,338
290,possible,65.28,337
291,actually,65.28,337
292,rather,65.27,336
293,view,65.26,336
294,together,65.24,334
295,consider,65.24,334
296,price,65.14,327
297,parent,65.14,326
298,hard,65.12,325
299,party,65.08,322
300,local,65.06,321
301,control,65.05,320
302,already,65.02,318
303,concern,65.02,317
304,product,65.01,317
305,lose,65,316
306,story,64.98,315
307,almost,64.98,315
308,continue,64.96,314
309,stand,64.95,313
310,whole,64.95,313
311,yet,64.95,313
312,rate,64.94,312
313,care,64.93,311
314,expect,64.93,311
315,effect,64.93,311
316,sort,64.92,311
317,ever,64.92,311
318,anything,64.92,310
319,cause,64.9,309
320,fall,64.89,309
321,deal,64.89,309
322,water,64.87,307
323,send,64.86,306
324,allow,64.84,305
325,soon,64.84,304
326,watch,64.8,302
327,base,64.78,300
328,probably,64.75,299
329,suggest,64.74,298
330,past,64.73,297
331,power,64.72,296
332,test,64.71,296
333,visit,64.7,295
334,center,64.7,295
335,grow,64.69,294
336,nothing,64.68,294
337,return,64.68,294
338,mother,64.67,293
339,walk,64.63,291
340,matter,64.63,290
341,mind,64.62,290
342,value,64.61,289
343,office,64.59,288
344,record,64.59,287
345,stay,64.57,286
346,force,64.57,286
347,stop,64.55,285
348,several,64.54,285
349,light,64.53,284
350,develop,64.51,282
351,remember,64.5,282
352,bit,64.49,281
353,share,64.48,281
354,real,64.47,280
355,answer,64.46,279
356,sit,64.44,278
357,figure,64.43,278
358,letter,64.43,277
359,decide,64.41,276
360,language,64.39,275
361,subject,64.35,273
362,class,64.35,272
363,development,64.31,270
364,town,64.31,269
365,half,64.29,269
366,minute,64.28,268
367,food,64.28,268
368,break,64.28,268
369,clear,64.25,266
370,future,64.24,266
371,either,64.24,266
372,ago,64.24,265
373,per,64.24,265
374,remain,64.24,265
375,top,64.23,265
376,among,64.23,265
377,win,64.21,264
378,color,64.2,263
379,involve,64.16,260
380,reach,64.15,260
381,social,64.15,260
382,period,64.13,259
383,across,64.12,258
384,note,64.12,258
385,history,64.12,258
386,create,64.11,258
387,drive,64.11,258
388,along,64.1,257
389,type,64.09,257
390,sound,64.08,256
391,eye,64.07,256
392,music,64.07,255
393,game,64.07,255
394,political,64.06,255
395,free,64.06,255
396,receive,64.05,254
397,moment,64.05,254
398,sale,64.04,254
399,policy,64.04,253
400,further,63.99,251
401,body,63.98,250
402,require,63.97,249
403,wait,63.96,249
404,general,63.95,248
405,appear,63.95,248
406,toward,63.95,248
407,team,63.95,248
408,easy,63.95,248
409,individual,63.95,248
410,full,63.95,248
411,black,63.94,248
412,sense,63.92,247
413,perhaps,63.91,246
414,add,63.89,245
415,rule,63.88,245
416,pass,63.86,243
417,produce,63.86,243
418,sell,63.86,243
419,short,63.81,241
420,agree,63.81,240
421,law,63.79,239
422,everything,63.77,238
423,research,63.75,237
424,cover,63.73,236
425,paper,63.73,236
426,position,63.72,236
427,near,63.72,236
428,human,63.72,235
429,computer,63.72,235
430,situation,63.7,235
431,staff,63.7,234
432,activity,63.68,234
433,film,63.66,232
434,morning,63.65,232
435,war,63.63,231
436,account,63.63,231
437,shop,63.62,230
438,major,63.59,229
439,someone,63.58,228
440,above,63.58,228
441,design,63.58,228
442,event,63.57,228
443,special,63.57,228
444,sometimes,63.57,227
445,condition,63.54,226
446,carry,63.54,226
447,choose,63.53,225
448,father,63.51,225
449,decision,63.51,224
450,table,63.5,224
451,certain,63.49,223
452,forward,63.48,223
453,main,63.48,223
454,die,63.47,222
455,bear,63.45,222
456,cut,63.45,221
457,describe,63.43,220
458,himself,63.42,220
459,available,63.42,220
460,especially,63.42,220
461,strong,63.38,218
462,rise,63.38,218
463,girl,63.37,217
464,maybe,63.37,217
465,community,63.37,217
466,else,63.34,216
467,particular,63.33,215
468,role,63.33,215
469,join,63.33,215
470,difficult,63.32,215
471,please,63.28,213
472,detail,63.28,213
473,difference,63.27,212
474,action,63.21,210
475,health,63.21,209
476,eat,63.19,209
477,step,63.18,208
478,true,63.17,208
479,phone,63.16,207
480,themselves,63.16,207
481,draw,63.15,207
482,white,63.14,206
483,date,63.13,205
484,practice,63.12,205
485,model,63.12,205
486,raise,63.11,205
487,customer,63.11,205
488,front,63.07,203
489,explain,63.06,202
490,door,63.05,202
491,outside,63.02,200
492,behind,63.01,200
493,economic,62.99,199
494,site,62.98,199
495,approach,62.98,199
496,teacher,62.98,199
497,land,62.94,197
498,charge,62.94,197
499,finally,62.93,197
500,sign,62.93,197
501,claim,62.93,196
502,relationship,62.93,196
503,travel,62.91,195
504,enjoy,62.89,195
505,death,62.89,194
506,nice,62.86,193
507,amount,62.86,193
508,improve,62.83,192
509,picture,62.83,192
510,boy,62.83,192
511,regard,62.82,191
512,organization,62.82,191
513,happy,62.81,191
514,couple,62.81,191
515,act,62.8,190
516,range,62.79,190
517,quality,62.78,190
518,project,62.78,190
519,round,62.77,189
520,opportunity,62.76,189
521,road,62.76,189
522,accord,62.74,188
523,list,62.73,187
524,wish,62.73,187
525,therefore,62.72,187
526,wear,62.71,187
527,fund,62.71,187
528,rest,62.71,186
529,kid,62.7,186
530,industry,62.68,185
531,education,62.67,185
532,measure,62.67,185
533,kill,62.65,184
534,serve,62.64,184
535,likely,62.62,183
536,certainly,62.59,182
537,national,62.58,181
538,itself,62.57,181
539,teach,62.57,181
540,field,62.57,181
541,security,62.54,180
542,air,62.53,179
543,benefit,62.53,179
544,trade,62.52,179
545,risk,62.52,179
546,news,62.51,178
547,standard,62.5,178
548,vote,62.49,177
549,percent,62.49,177
550,focus,62.48,177
551,stage,62.47,177
552,space,62.46,176
553,instead,62.46,176
554,realize,62.46,176
555,usually,62.44,175
556,data,62.42,174
557,single,62.41,174
558,address,62.37,173
559,performance,62.36,172
560,chance,62.36,172
561,accept,62.36,172
562,society,62.35,172
563,technology,62.35,172
564,mention,62.35,172
565,choice,62.33,171
566,save,62.33,171
567,common,62.32,170
568,culture,62.29,170
569,total,62.28,169
570,demand,62.27,169
571,material,62.26,168
572,limit,62.25,168
573,listen,62.25,168
574,due,62.23,167
575,wrong,62.23,167
576,foot,62.22,167
577,effort,62.22,167
578,attention,62.21,166
579,upon,62.21,166
580,check,62.2,166
581,complete,62.2,166
582,lie,62.19,166
583,pick,62.19,166
584,reduce,62.19,165
585,personal,62.19,165
586,ground,62.18,165
587,animal,62.17,165
588,arrive,62.17,165
589,patient,62.17,165
590,current,62.15,164
591,century,62.14,163
592,evidence,62.13,163
593,exist,62.13,163
594,similar,62.12,163
595,fight,62.12,163
596,leader,62.12,163
597,fine,62.11,162
598,street,62.11,162
599,former,62.1,162
600,contact,62.09,162
601,particularly,62.09,162
602,wife,62.06,161
603,sport,62.06,161
604,prepare,62.04,160
605,discuss,62.03,160
606,response,62.03,159
607,voice,62.02,159
608,piece,62.01,159
609,finish,62,158
610,suppose,61.97,157
611,apply,61.97,157
612,president,61.97,157
613,fire,61.96,157
614,compare,61.95,157
615,court,61.94,156
616,police,61.93,156
617,store,61.92,156
618,poor,61.92,156
619,knowledge,61.91,155
620,laugh,61.91,155
621,arm,61.9,155
622,heart,61.9,155
623,source,61.9,155
624,employee,61.89,154
625,manage,61.87,154
626,simply,61.86,153
627,bank,61.85,153
628,firm,61.84,153
629,cell,61.84,153
630,article,61.81,152
631,fast,61.8,151
632,attack,61.79,151
633,foreign,61.79,151
634,surprise,61.78,151
635,feature,61.77,150
636,factor,61.77,150
637,pretty,61.76,150
638,recently,61.76,150
639,affect,61.76,150
640,drop,61.75,150
641,recent,61.74,149
642,relate,61.74,149
643,official,61.73,149
644,financial,61.73,149
645,miss,61.72,149
646,art,61.72,149
647,campaign,61.71,148
648,private,61.71,148
649,pause,61.7,148
650,everyone,61.69,148
651,forget,61.68,147
652,page,61.68,147
653,worry,61.68,147
654,summer,61.67,147
655,drink,61.66,147
656,opinion,61.66,147
657,park,61.65,146
658,represent,61.64,146
659,key,61.64,146
660,inside,61.62,145
661,manager,61.6,145
662,international,61.59,144
663,contain,61.58,144
664,notice,61.56,143
665,wonder,61.56,143
666,nature,61.55,143
667,structure,61.55,143
668,section,61.54,142
669,myself,61.53,142
670,exactly,61.52,142
671,plant,61.52,142
672,paint,61.51,142
673,worker,61.5,141
674,press,61.5,141
675,whatever,61.5,141
676,necessary,61.5,141
677,region,61.48,141
678,growth,61.46,140
679,evening,61.46,140
680,influence,61.46,140
681,respect,61.46,140
682,various,61.46,140
683,catch,61.45,140
684,thus,61.43,139
685,skill,61.43,139
686,attempt,61.42,139
687,son,61.42,139
688,simple,61.41,138
689,medium,61.41,138
690,average,61.41,138
691,stock,61.4,138
692,management,61.39,138
693,character,61.38,138
694,bed,61.38,137
695,hit,61.38,137
696,establish,61.37,137
697,indeed,61.36,137
698,final,61.36,137
699,economy,61.35,137
700,fit,61.35,137
701,guy,61.33,136
702,function,61.32,135
703,yesterday,61.32,135
704,image,61.31,135
705,size,61.3,135
706,behavior,61.3,135
707,addition,61.3,135
708,determine,61.29,134
709,station,61.28,134
710,population,61.28,134
711,fail,61.27,134
712,environment,61.27,134
713,production,61.25,133
714,contract,61.24,133
715,player,61.22,132
716,comment,61.22,132
717,enter,61.21,132
718,occur,61.2,132
719,alone,61.2,132
720,significant,61.18,131
721,drug,61.18,131
722,wall,61.17,131
723,series,61.17,131
724,direct,61.16,131
725,success,61.15,130
726,tomorrow,61.14,130
727,director,61.13,130
728,clearly,61.13,130
729,lack,61.12,129
730,review,61.12,129
731,depend,61.1,129
732,race,61.1,129
733,recognize,61.1,129
734,window,61.1,129
735,purpose,61.09,128
736,department,61.09,128
737,gain,61.08,128
738,tree,61.08,128
739,college,61.07,128
740,argue,61.07,128
741,board,61.06,128
742,holiday,61.05,127
743,mark,61.05,127
744,church,61.02,127
745,machine,61.02,126
746,achieve,61.02,126
747,item,61.02,126
748,prove,61.02,126
749,cent,61.02,126
750,season,61.01,126
751,floor,61.01,126
752,stuff,61.01,126
753,wide,61.01,126
754,anyone,61.01,126
755,method,61.01,126
756,analysis,61,126
757,election,60.99,126
758,military,60.99,126
759,hotel,60.99,126
760,club,60.99,126
761,below,60.99,126
762,movie,60.99,126
763,doctor,60.98,125
764,discussion,60.98,125
765,sorry,60.98,125
766,challenge,60.98,125
767,nation,60.96,125
768,nearly,60.96,125
769,statement,60.95,125
770,link,60.95,124
771,despite,60.94,124
772,introduce,60.94,124
773,advantage,60.94,124
774,ready,60.94,124
775,marry,60.93,124
776,strike,60.93,124
777,mile,60.92,124
778,seek,60.92,123
779,ability,60.9,123
780,unit,60.9,123
781,card,60.89,123
782,hospital,60.88,123
783,quickly,60.86,122
784,interview,60.86,122
785,agreement,60.85,122
786,release,60.85,122
787,tax,60.85,122
788,solution,60.85,122
789,capital,60.83,121
790,popular,60.82,121
791,specific,60.82,121
792,beautiful,60.82,121
793,fear,60.81,121
794,aim,60.81,121
795,television,60.81,120
796,serious,60.81,120
797,target,60.8,120
798,degree,60.78,120
799,pull,60.77,120
800,red,60.77,119
801,husband,60.77,119
802,access,60.77,119
803,movement,60.75,119
804,treat,60.74,119
805,identify,60.73,118
806,loss,60.72,118
807,shall,60.72,118
808,modern,60.7,117
809,pressure,60.7,117
810,bus,60.69,117
811,treatment,60.69,117
812,conference,60.68,117
813,yourself,60.67,117
814,supply,60.66,116
815,village,60.65,116
816,worth,60.64,116
817,natural,60.64,116
818,express,60.64,116
819,indicate,60.64,116
820,attend,60.63,116
821,brother,60.63,116
822,investment,60.63,116
823,score,60.62,115
824,organize,60.62,115
825,trip,60.62,115
826,beyond,60.62,115
827,sleep,60.61,115
828,fish,60.6,115
829,promise,60.6,115
830,potential,60.59,115
831,energy,60.59,115
832,trouble,60.59,115
833,relation,60.58,114
834,touch,60.56,114
835,file,60.56,114
836,middle,60.56,114
837,bar,60.55,114
838,suffer,60.55,113
839,strategy,60.55,113
840,deep,60.54,113
841,except,60.54,113
842,clean,60.54,113
843,tend,60.54,113
844,advance,60.54,113
845,fill,60.53,113
846,star,60.52,113
847,network,60.5,112
848,generally,60.5,112
849,operation,60.49,112
850,match,60.47,111
851,avoid,60.47,111
852,seat,60.45,111
853,throw,60.45,111
854,task,60.44,111
855,normal,60.43,110
856,goal,60.42,110
857,associate,60.42,110
858,blue,60.41,110
859,positive,60.4,110
860,option,60.4,110
861,box,60.39,109
862,huge,60.39,109
863,message,60.39,109
864,instance,60.38,109
865,style,60.38,109
866,refer,60.37,109
867,cold,60.36,109
868,push,60.36,109
869,quarter,60.36,109
870,assume,60.34,108
871,baby,60.33,108
872,successful,60.32,108
873,sing,60.32,108
874,doubt,60.32,108
875,competition,60.32,108
876,theory,60.31,108
877,propose,60.31,107
878,reference,60.3,107
879,argument,60.3,107
880,adult,60.3,107
881,fly,60.3,107
882,document,60.29,107
883,pattern,60.29,107
884,application,60.28,107
885,hot,60.28,107
886,obviously,60.28,107
887,unclear,60.27,106
888,bill,60.27,106
889,search,60.26,106
890,separate,60.26,106
891,central,60.26,106
892,career,60.25,106
893,anyway,60.25,106
894,speech,60.24,106
895,dog,60.24,106
896,officer,60.24,106
897,throughout,60.24,106
898,oil,60.22,105
899,dress,60.21,105
900,profit,60.21,105
901,guess,60.2,105
902,fun,60.2,105
903,protect,60.2,105
904,resource,60.19,105
905,science,60.19,104
906,disease,60.19,104
907,balance,60.18,104
908,damage,60.18,104
909,basis,60.18,104
910,author,60.17,104
911,basic,60.17,104
912,encourage,60.16,104
913,hair,60.15,104
914,male,60.15,103
915,operate,60.14,103
916,reflect,60.14,103
917,exercise,60.13,103
918,useful,60.12,103
919,restaurant,60.12,103
920,income,60.12,103
921,property,60.12,103
922,previous,60.12,103
923,dark,60.11,103
924,imagine,60.11,102
925,okay,60.1,102
926,earn,60.09,102
927,daughter,60.09,102
928,post,60.08,102
929,newspaper,60.07,102
930,define,60.06,101
931,conclusion,60.05,101
932,clock,60.05,101
933,everybody,60.05,101
934,weekend,60.04,101
935,perform,60.04,101
936,professional,60.04,101
937,mine,60.04,101
938,debate,60.03,101
939,memory,60.03,101
940,green,60.03,101
941,song,60.02,101
942,object,60,100
943,maintain,60,100
944,credit,59.99,100
945,ring,59.99,100
946,discover,59.97,99
947,dead,59.96,99
948,afternoon,59.96,99
949,prefer,59.96,99
950,extend,59.95,99
951,possibility,59.95,99
952,direction,59.94,99
953,facility,59.94,99
954,variety,59.92,98
955,daily,59.91,98
956,clothes,59.91,98
957,screen,59.9,98
958,track,59.89,98
959,dance,59.89,97
960,completely,59.89,97
961,female,59.88,97
962,responsibility,59.88,97
963,original,59.84,96
964,sister,59.84,96
965,rock,59.84,96
966,dream,59.84,96
967,nor,59.82,96
968,university,59.82,96
969,easily,59.81,96
970,agency,59.81,96
971,dollar,59.8,96
972,garden,59.79,95
973,fix,59.79,95
974,ahead,59.78,95
975,cross,59.78,95
976,yeah,59.77,95
977,candidate,59.74,94
978,weight,59.74,94
979,legal,59.72,94
980,proposal,59.71,94
981,version,59.71,94
982,conversation,59.71,93
983,somebody,59.7,93
984,pound,59.69,93
985,magazine,59.69,93
986,shape,59.69,93
987,sea,59.68,93
988,immediately,59.67,93
989,welcome,59.67,93
990,smile,59.67,93
991,communication,59.67,93
992,agent,59.65,92
993,traditional,59.65,92
994,replace,59.64,92
995,judge,59.64,92
996,herself,59.63,92
997,suddenly,59.63,92
998,generation,59.63,92
999,estimate,59.63,92
1000,favorite,59.62,92
1001,difficulty,59.62,92
1002,purchase,59.61,91
1003,shoot,59.6,91
1004,announce,59.6,91
1005,unless,59.6,91
1006,independent,59.59,91
1007,recommend,59.58,91
1008,survey,59.58,91
1009,majority,59.58,91
1010,stick,59.57,91
1011,request,59.56,90
1012,rich,59.54,90
1013,wind,59.54,90
1014,none,59.53,90
1015,exchange,59.52,90
1016,budget,59.51,89
1017,famous,59.51,89
1018,blood,59.51,89
1019,appropriate,59.51,89
1020,block,59.51,89
1021,warm,59.5,89
1022,count,59.5,89
1023,scene,59.5,89
1024,writer,59.49,89
1025,content,59.49,89
1026,prevent,59.48,89
1027,safe,59.47,89
1028,invite,59.47,88
1029,mix,59.46,88
1030,element,59.45,88
1031,effective,59.45,88
1032,correct,59.45,88
1033,medical,59.43,88
1034,admit,59.42,88
1035,beat,59.42,87
1036,telephone,59.42,87
1037,copy,59.41,87
1038,committee,59.4,87
1039,aware,59.4,87
1040,advice,59.4,87
1041,handle,59.39,87
1042,glass,59.39,87
1043,trial,59.38,87
1044,stress,59.38,87
1045,radio,59.37,86
1046,administration,59.36,86
1047,complex,59.36,86
1048,text,59.35,86
1049,context,59.35,86
1050,ride,59.34,86
1051,directly,59.34,86
1052,heavy,59.34,86
1053,remove,59.33,86
1054,conduct,59.33,86
1055,equipment,59.33,86
1056,otherwise,59.33,86
1057,title,59.32,86
1058,extra,59.31,85
1059,executive,59.31,85
1060,chair,59.31,85
1061,expensive,59.31,85
1062,sample,59.3,85
1063,sex,59.3,85
1064,deliver,59.29,85
1065,video,59.29,85
1066,connection,59.29,85
1067,primary,59.28,85
1068,weather,59.27,85
1069,collect,59.27,84
1070,inform,59.25,84
1071,principle,59.25,84
1072,straight,59.24,84
1073,appeal,59.24,84
1074,highly,59.24,84
1075,trust,59.24,84
1076,wonderful,59.23,84
1077,flat,59.23,84
1078,absolutely,59.22,84
1079,flow,59.22,84
1080,fair,59.22,84
1081,additional,59.21,83
1082,responsible,59.21,83
1083,farm,59.2,83
1084,collection,59.2,83
1085,hang,59.19,83
1086,negative,59.18,83
1087,band,59.18,83
1088,relative,59.17,83
1089,tour,59.17,83
1090,alternative,59.17,83
1091,software,59.17,83
1092,pair,59.16,82
1093,ship,59.16,82
1094,attitude,59.14,82
1095,cheap,59.14,82
1096,double,59.14,82
1097,leg,59.13,82
1098,observe,59.13,82
1099,sentence,59.13,82
1100,print,59.12,82
1101,progress,59.12,82
1102,truth,59.11,82
1103,nobody,59.11,82
1104,examine,59.1,81
1105,lay,59.1,81
1106,speed,59.09,81
1107,politics,59.09,81
1108,reply,59.08,81
1109,display,59.08,81
1110,transfer,59.08,81
1111,perfect,59.07,81
1112,slightly,59.07,81
1113,overall,59.07,81
1114,intend,59.06,80
1115,user,59.05,80
1116,respond,59.05,80
1117,dinner,59.04,80
1118,slow,59.04,80
1119,regular,59.04,80
1120,physical,59.04,80
1121,apart,59.02,80
1122,suit,59.01,80
1123,federal,59.01,80
1124,reveal,59.01,80
1125,percentage,59,79
1126,peace,58.99,79
1127,status,58.99,79
1128,crime,58.98,79
1129,decline,58.97,79
1130,decade,58.97,79
1131,launch,58.97,79
1132,warn,58.96,79
1133,consumer,58.96,79
1134,favor,58.96,79
1135,dry,58.95,78
1136,partner,58.95,78
1137,institution,58.95,78
1138,spot,58.94,78
1139,horse,58.94,78
1140,eventually,58.93,78
1141,heat,58.93,78
1142,excite,58.92,78
1143,reader,58.92,78
1144,importance,58.91,78
1145,distance,58.9,78
1146,guide,58.9,78
1147,grant,58.9,78
1148,taxi,58.89,77
1149,feed,58.89,77
1150,pain,58.89,77
1151,sector,58.87,77
1152,mistake,58.87,77
1153,ensure,58.86,77
1154,satisfy,58.85,77
1155,chief,58.85,77
1156,cool,58.85,77
1157,expert,58.84,77
1158,wave,58.84,77
1159,south,58.84,77
1160,labor,58.83,76
1161,surface,58.83,76
1162,library,58.82,76
1163,excellent,58.81,76
1164,edge,58.81,76
1165,camp,58.81,76
1166,audience,58.8,76
1167,lift,58.8,76
1168,procedure,58.79,76
1169,email,58.79,76
1170,global,58.79,76
1171,struggle,58.79,76
1172,advertise,58.77,75
1173,select,58.76,75
1174,surround,58.75,75
1175,extent,58.74,75
1176,river,58.73,75
1177,annual,58.73,75
1178,fully,58.73,75
1179,contrast,58.72,75
1180,roll,58.71,74
1181,reality,58.71,74
1182,photograph,58.7,74
1183,artist,58.69,74
1184,conflict,58.69,74
1185,entire,58.69,74
1186,presence,58.69,74
1187,crowd,58.69,74
1188,corner,58.69,74
1189,gas,58.69,74
1190,shift,58.68,74
1191,net,58.68,74
1192,category,58.68,74
1193,secretary,58.68,74
1194,defense,58.68,74
1195,quick,58.67,74
1196,cook,58.67,74
1197,spread,58.66,73
1198,nuclear,58.66,73
1199,scale,58.66,73
1200,driver,58.66,73
1201,ball,58.65,73
1202,cry,58.64,73
1203,introduction,58.63,73
1204,requirement,58.63,73
1205,north,58.62,73
1206,confirm,58.62,73
1207,senior,58.6,72
1208,photo,58.59,72
1209,refuse,58.59,72
1210,transport,58.58,72
1211,emerge,58.58,72
1212,map,58.58,72
1213,concept,58.58,72
1214,island,58.57,72
1215,reform,58.57,72
1216,neither,58.57,72
1217,football,58.56,72
1218,survive,58.56,72
1219,flight,58.55,72
1220,left,58.55,72
1221,solve,58.54,72
1222,neighbor,58.54,72
1223,background,58.54,71
1224,technique,58.54,71
1225,traffic,58.54,71
1226,improvement,58.53,71
1227,tool,58.52,71
1228,consequence,58.52,71
1229,circumstance,58.52,71
1230,smoke,58.52,71
1231,reaction,58.52,71
1232,rain,58.52,71
1233,busy,58.51,71
1234,lesson,58.51,71
1235,brain,58.5,71
1236,mass,58.5,71
1237,funny,58.49,71
1238,contribute,58.49,71
1239,failure,58.49,71
1240,schedule,58.48,71
1241,speaker,58.48,70
1242,bottom,58.47,70
1243,adopt,58.47,70
1244,combine,58.47,70
1245,mountain,58.46,70
1246,waste,58.46,70
1247,hide,58.45,70
1248,marriage,58.45,70
1249,ticket,58.45,70
1250,meal,58.45,70
1251,colleague,58.45,70
1252,bag,58.45,70
1253,repeat,58.44,70
1254,equal,58.43,70
1255,expression,58.43,70
1256,plus,58.43,70
1257,extremely,58.43,70
1258,owner,58.42,70
1259,plane,58.42,69
1260,commercial,58.41,69
1261,lady,58.39,69
1262,duty,58.38,69
1263,strength,58.37,69
1264,connect,58.36,69
1265,cultural,58.36,69
1266,arrange,58.35,68
1267,scheme,58.35,68
1268,payment,58.34,68
1269,unfortunately,58.34,68
1270,brief,58.34,68
1271,bird,58.33,68
1272,demonstrate,58.33,68
1273,contribution,58.33,68
1274,appreciate,58.32,68
1275,chapter,58.32,68
1276,secret,58.32,68
1277,apparently,58.32,68
1278,novel,58.32,68
1279,union,58.31,68
1280,burn,58.31,68
1281,trend,58.31,68
1282,initial,58.31,68
1283,pleasure,58.3,68
1284,suggestion,58.3,68
1285,critical,58.29,67
1286,gather,58.29,67
1287,mostly,58.29,67
1288,earth,58.29,67
1289,pop,58.28,67
1290,essential,58.27,67
1291,desire,58.27,67
1292,promote,58.27,67
1293,currently,58.27,67
1294,employ,58.26,67
1295,path,58.26,67
1296,topic,58.26,67
1297,beach,58.25,67
1298,attract,58.25,67
1299,engage,58.25,67
1300,powerful,58.24,67
1301,flower,58.24,67
1302,crisis,58.24,67
1303,settle,58.23,67
1304,boat,58.23,66
1305,aid,58.23,66
1306,fan,58.23,66
1307,kitchen,58.23,66
1308,twice,58.22,66
1309,fresh,58.22,66
1310,delay,58.22,66
1311,safety,58.22,66
1312,engineer,58.22,66
1313,quiet,58.21,66
1314,insurance,58.21,66
1315,nurse,58.21,66
1316,divide,58.2,66
1317,length,58.2,66
1318,investigation,58.19,66
1319,package,58.19,66
1320,somewhere,58.19,66
1321,expand,58.18,66
1322,commit,58.18,66
1323,obvious,58.18,66
1324,jump,58.16,65
1325,weapon,58.16,65
1326,relatively,58.15,65
1327,host,58.15,65
1328,winter,58.15,65
1329,district,58.15,65
1330,broad,58.14,65
1331,tire,58.12,65
1332,spring,58.11,65
1333,spirit,58.09,64
1334,lunch,58.09,64
1335,actual,58.08,64
1336,pool,58.08,64
1337,battle,58.08,64
1338,tradition,58.08,64
1339,cash,58.07,64
1340,hardly,58.06,64
1341,award,58.06,64
1342,coach,58.06,64
1343,experiment,58.06,64
1344,consideration,58.06,64
1345,strange,58.06,64
1346,code,58.06,64
1347,possibly,58.04,64
1348,threat,58.04,64
1349,accident,58.04,64
1350,impossible,58.04,64
1351,revenue,58.04,64
1352,enable,58.04,64
1353,afraid,58.03,63
1354,active,58.03,63
1355,conclude,58.02,63
1356,religious,58.01,63
1357,cancer,58.01,63
1358,convince,58.01,63
1359,vary,58.01,63
1360,environmental,58,63
1361,sun,58,63
1362,healthy,57.99,63
1363,blow,57.98,63
1364,volume,57.97,63
1365,location,57.97,63
1366,invest,57.97,63
1367,proceed,57.97,63
1368,wash,57.97,63
1369,actor,57.96,63
1370,glad,57.96,63
1371,tape,57.96,62
1372,whereas,57.96,62
1373,opposite,57.95,62
1374,stone,57.95,62
1375,sum,57.95,62
1376,murder,57.95,62
1377,monitor,57.94,62
1378,soldier,57.94,62
1379,finance,57.94,62
1380,hate,57.93,62
1381,egg,57.93,62
1382,concert,57.92,62
1383,shock,57.92,62
1384,comfortable,57.92,62
1385,usual,57.92,62
1386,carefully,57.91,62
1387,pack,57.91,62
1388,recall,57.91,62
1389,wine,57.9,62
1390,camera,57.9,62
1391,swim,57.9,62
1392,manufacture,57.9,62
1393,theater,57.89,61
1394,cycle,57.88,61
1395,coffee,57.87,61
1396,totally,57.87,61
1397,museum,57.87,61
1398,visitor,57.87,61
1399,freedom,57.86,61
1400,construction,57.86,61
1401,dear,57.86,61
1402,objective,57.84,61
1403,moreover,57.84,61
1404,onto,57.84,61
1405,historical,57.83,61
1406,oppose,57.83,61
1407,branch,57.82,61
1408,vehicle,57.82,61
1409,scientist,57.82,60
1410,route,57.81,60
1411,bind,57.8,60
1412,belong,57.8,60
1413,taste,57.8,60
1414,tonight,57.79,60
1415,fashion,57.79,60
1416,danger,57.79,60
1417,bomb,57.79,60
1418,army,57.79,60
1419,dangerous,57.77,60
1420,decrease,57.76,60
1421,hurt,57.76,60
1422,council,57.75,60
1423,editor,57.74,59
1424,normally,57.74,59
1425,sight,57.74,59
1426,generate,57.73,59
1427,gift,57.73,59
1428,delivery,57.72,59
1429,deny,57.72,59
1430,guest,57.72,59
1431,anybody,57.71,59
1432,bedroom,57.71,59
1433,quote,57.71,59
1434,climb,57.7,59
1435,basically,57.7,59
1436,violence,57.69,59
1437,minister,57.69,59
1438,mainly,57.68,59
1439,mouth,57.68,59
1440,noise,57.68,59
1441,manner,57.67,59
1442,gun,57.67,58
1443,square,57.67,58
1444,occasion,57.65,58
1445,familiar,57.64,58
1446,ignore,57.64,58
1447,destroy,57.64,58
1448,affair,57.63,58
1449,civil,57.62,58
1450,locate,57.62,58
1451,citizen,57.62,58
1452,temperature,57.61,58
1453,gold,57.61,58
1454,domestic,57.57,57
1455,load,57.57,57
1456,belief,57.57,57
1457,troop,57.57,57
1458,technical,57.56,57
1459,remind,57.56,57
1460,arrangement,57.56,57
1461,skin,57.55,57
1462,prison,57.55,57
1463,switch,57.55,57
1464,acquire,57.54,57
1465,corporate,57.53,57
1466,fairly,57.53,57
1467,wood,57.53,57
1468,participate,57.53,57
1469,tough,57.53,57
1470,tear,57.52,57
1471,representative,57.52,57
1472,capacity,57.52,57
1473,border,57.51,56
1474,shake,57.51,56
1475,assessment,57.51,56
1476,shoe,57.51,56
1477,ought,57.5,56
1478,ad,57.5,56
1479,fee,57.49,56
1480,hall,57.49,56
1481,regulation,57.48,56
1482,escape,57.48,56
1483,studio,57.48,56
1484,proper,57.47,56
1485,relax,57.47,56
1486,tourist,57.47,56
1487,component,57.47,56
1488,afford,57.46,56
1489,lawyer,57.46,56
1490,suspect,57.45,56
1491,cup,57.45,56
1492,description,57.45,56
1493,confidence,57.44,55
1494,industrial,57.42,55
1495,complain,57.42,55
1496,perspective,57.42,55
1497,error,57.42,55
1498,arrest,57.42,55
1499,assess,57.41,55
1500,register,57.4,55
1501,asset,57.4,55
1502,signal,57.39,55
1503,finger,57.38,55
1504,relevant,57.38,55
1505,explore,57.37,55
1506,leadership,57.37,55
1507,commitment,57.36,54
1508,wake,57.36,54
1509,necessarily,57.35,54
1510,bright,57.34,54
1511,frame,57.34,54
1512,slowly,57.34,54
1513,bond,57.34,54
1514,hire,57.34,54
1515,hole,57.33,54
1516,tie,57.33,54
1517,internal,57.33,54
1518,chain,57.32,54
1519,literature,57.29,54
1520,victim,57.29,54
1521,threaten,57.28,53
1522,division,57.28,53
1523,secure,57.27,53
1524,amaze,57.27,53
1525,device,57.26,53
1526,birth,57.26,53
1527,forest,57.26,53
1528,label,57.26,53
1529,root,57.26,53
1530,factory,57.25,53
1531,expense,57.25,53
1532,channel,57.25,53
1533,investigate,57.25,53
1534,recommendation,57.24,53
1535,rank,57.23,53
1536,typical,57.23,53
1537,west,57.23,53
1538,friendly,57.23,53
1539,resident,57.23,53
1540,provision,57.23,53
1541,concentrate,57.22,53
1542,plenty,57.22,53
1543,export,57.21,53
1544,entirely,57.21,53
1545,strongly,57.21,53
1546,bridge,57.2,53
1547,consist,57.2,52
1548,graduate,57.2,52
1549,brand,57.19,52
1550,moral,57.18,52
1551,insist,57.17,52
1552,combination,57.17,52
1553,abuse,57.17,52
1554,ice,57.16,52
1555,principal,57.16,52
1556,master,57.16,52
1557,definitely,57.16,52
1558,session,57.16,52
1559,grade,57.16,52
1560,nevertheless,57.16,52
1561,predict,57.15,52
1562,previously,57.14,52
1563,protection,57.14,52
1564,largely,57.14,52
1565,wed,57.13,52
1566,rent,57.13,52
1567,shot,57.12,52
1568,appearance,57.12,52
1569,reasonable,57.12,52
1570,guarantee,57.12,52
1571,till,57.12,52
1572,theme,57.11,51
1573,judgment,57.11,51
1574,odd,57.11,51
1575,approve,57.1,51
1576,loan,57.1,51
1577,definition,57.1,51
1578,elect,57.09,51
1579,atmosphere,57.08,51
1580,farmer,57.08,51
1581,comparison,57.07,51
1582,characteristic,57.07,51
1583,license,57.07,51
1584,rely,57.07,51
1585,narrow,57.07,51
1586,succeed,57.06,51
1587,identity,57.06,51
1588,desk,57.05,51
1589,permit,57.04,51
1590,seriously,57.04,51
1591,wild,57.03,51
1592,empty,57.03,50
1593,commission,57.02,50
1594,unique,57.02,50
1595,association,57.01,50
1596,instrument,57.01,50
1597,investor,57.01,50
1598,practical,57.01,50
1599,tea,57,50
1600,lovely,56.99,50
1601,soft,56.99,50
1602,row,56.99,50
1603,youth,56.99,50
1604,lock,56.98,50
1605,fuel,56.98,50
1606,expectation,56.98,50
1607,employment,56.98,50
1608,celebrate,56.97,50
1609,sexual,56.97,50
1610,shoulder,56.96,50
1611,breath,56.96,50
1612,increasingly,56.96,50
1613,import,56.95,50
1614,bottle,56.95,50
1615,ourselves,56.95,49
1616,sheet,56.94,49
1617,engine,56.94,49
1618,cast,56.93,49
1619,notion,56.93,49
1620,conservative,56.93,49
1621,journey,56.92,49
1622,opposition,56.92,49
1623,relief,56.92,49
1624,debt,56.92,49
1625,honor,56.91,49
1626,outcome,56.89,49
1627,blame,56.89,49
1628,explanation,56.89,49
1629,arise,56.89,49
1630,musical,56.88,49
1631,recover,56.87,49
1632,dad,56.87,49
1633,stretch,56.87,49
1634,declare,56.86,49
1635,retire,56.86,48
1636,tiny,56.85,48
1637,careful,56.84,48
1638,suitable,56.84,48
1639,native,56.84,48
1640,fruit,56.84,48
1641,analyze,56.83,48
1642,witness,56.83,48
1643,mail,56.83,48
1644,terrible,56.83,48
1645,researcher,56.82,48
1646,ordinary,56.8,48
1647,selection,56.78,48
1648,anywhere,56.78,48
1649,mental,56.78,48
1650,participant,56.77,48
1651,vision,56.76,47
1652,personality,56.76,47
1653,specifically,56.76,47
1654,fat,56.75,47
1655,entry,56.75,47
1656,fellow,56.75,47
1657,chemical,56.75,47
1658,capture,56.75,47
1659,tip,56.74,47
1660,discount,56.74,47
1661,peak,56.74,47
1662,chairman,56.73,47
1663,proportion,56.73,47
1664,ear,56.72,47
1665,disappear,56.71,47
1666,shout,56.71,47
1667,yard,56.71,47
1668,constant,56.71,47
1669,significantly,56.69,47
1670,hill,56.67,46
1671,considerable,56.67,46
1672,instruction,56.67,46
1673,intelligence,56.67,46
1674,ideal,56.66,46
1675,folk,56.66,46
1676,surely,56.66,46
1677,guard,56.66,46
1678,cat,56.65,46
1679,somewhat,56.65,46
1680,kiss,56.64,46
1681,presentation,56.64,46
1682,joint,56.64,46
1683,compete,56.64,46
1684,poll,56.64,46
1685,weak,56.63,46
1686,faith,56.63,46
1687,reduction,56.62,46
1688,reserve,56.61,46
1689,complaint,56.61,46
1690,bore,56.6,46
1691,mission,56.6,46
1692,somehow,56.59,46
1693,tone,56.59,46
1694,neighborhood,56.59,46
1695,passenger,56.59,46
1696,justice,56.58,46
1697,phase,56.58,46
1698,thin,56.58,46
1699,rush,56.58,45
1700,formal,56.57,45
1701,religion,56.57,45
1702,employer,56.57,45
1703,reject,56.56,45
1704,latter,56.56,45
1705,plate,56.56,45
1706,ban,56.55,45
1707,steal,56.55,45
1708,protest,56.55,45
1709,index,56.55,45
1710,sad,56.54,45
1711,frequently,56.54,45
1712,circle,56.54,45
1713,helpful,56.53,45
1714,command,56.53,45
1715,attractive,56.52,45
1716,sick,56.52,45
1717,impression,56.51,45
1718,unable,56.51,45
1719,joke,56.51,45
1720,sky,56.51,45
1721,column,56.51,45
1722,electronic,56.51,45
1723,impose,56.5,45
1724,criminal,56.49,45
1725,besides,56.47,44
1726,properly,56.46,44
1727,ancient,56.46,44
1728,coast,56.45,44
1729,ill,56.45,44
1730,kick,56.45,44
1731,closely,56.45,44
1732,multiple,56.45,44
1733,yield,56.44,44
1734,via,56.44,44
1735,legislation,56.44,44
1736,county,56.43,44
1737,unlike,56.42,44
1738,mobile,56.42,44
1739,assistant,56.42,44
1740,implement,56.41,44
1741,chart,56.41,44
1742,attach,56.4,44
1743,hell,56.4,44
1744,everywhere,56.39,44
1745,advise,56.39,44
1746,household,56.39,44
1747,acknowledge,56.39,44
1748,reward,56.38,43
1749,east,56.38,43
1750,hat,56.38,43
1751,academic,56.37,43
1752,voter,56.37,43
1753,meanwhile,56.36,43
1754,furthermore,56.36,43
1755,accuse,56.36,43
1756,scientific,56.35,43
1757,wage,56.35,43
1758,absence,56.35,43
1759,construct,56.33,43
1760,remark,56.33,43
1761,medicine,56.33,43
1762,professor,56.33,43
1763,rare,56.33,43
1764,intention,56.33,43
1765,dozen,56.32,43
1766,settlement,56.32,43
1767,gap,56.32,43
1768,widely,56.3,43
1769,minimum,56.3,43
1770,northern,56.3,43
1771,estate,56.3,43
1772,equally,56.29,43
1773,expose,56.29,43
1774,alive,56.29,43
1775,shut,56.28,42
1776,victory,56.27,42
1777,resolve,56.27,42
1778,critic,56.27,42
1779,variable,56.26,42
1780,enormous,56.26,42
1781,sweet,56.26,42
1782,permanent,56.25,42
1783,emotion,56.25,42
1784,pursue,56.25,42
1785,tall,56.24,42
1786,urge,56.24,42
1787,enemy,56.24,42
1788,appoint,56.23,42
1789,milk,56.23,42
1790,talent,56.23,42
1791,smell,56.22,42
1792,prior,56.22,42
1793,priority,56.22,42
1794,online,56.22,42
1795,phrase,56.19,42
1796,pilot,56.19,42
1797,stable,56.19,42
1798,merely,56.18,42
1799,resolution,56.18,42
1800,communicate,56.18,42
1801,injury,56.17,41
1802,vast,56.17,41
1803,exhibition,56.17,41
1804,producer,56.17,41
1805,regional,56.17,41
1806,immediate,56.16,41
1807,incident,56.16,41
1808,childhood,56.16,41
1809,draft,56.16,41
1810,slip,56.16,41
1811,accompany,56.16,41
1812,politician,56.15,41
1813,angry,56.15,41
1814,knock,56.15,41
1815,seed,56.15,41
1816,salary,56.15,41
1817,illustrate,56.13,41
1818,imply,56.13,41
1819,breakfast,56.13,41
1820,temporary,56.12,41
1821,liberal,56.12,41
1822,lake,56.11,41
1823,qualify,56.11,41
1824,competitive,56.1,41
1825,truly,56.09,41
1826,hi,56.08,41
1827,yellow,56.08,41
1828,habit,56.08,41
1829,disk,56.08,41
1830,core,56.08,41
1831,emotional,56.08,41
1832,aircraft,56.07,40
1833,self,56.07,40
1834,metal,56.07,40
1835,existence,56.07,40
1836,bone,56.06,40
1837,panel,56.05,40
1838,prime,56.05,40
1839,appointment,56.04,40
1840,emphasize,56.03,40
1841,maximum,56.03,40
1842,effectively,56.02,40
1843,elsewhere,56.01,40
1844,bother,56.01,40
1845,initiative,56.01,40
1846,sharp,56.01,40
1847,diet,56,40
1848,motion,56,40
1849,gray,56,40
1850,plastic,56,40
1851,complicate,55.99,40
1852,discipline,55.99,40
1853,disappoint,55.99,40
1854,boss,55.98,40
1855,assumption,55.98,40
1856,freeze,55.98,40
1857,extreme,55.98,40
1858,passage,55.98,40
1859,reputation,55.98,40
1860,forth,55.98,40
1861,negotiation,55.97,40
1862,mechanism,55.96,39
1863,coat,55.96,39
1864,democracy,55.96,39
1865,pocket,55.96,39
1866,lucky,55.96,39
1867,crash,55.96,39
1868,observation,55.96,39
1869,meat,55.95,39
1870,concentration,55.95,39
1871,implication,55.95,39
1872,deserve,55.94,39
1873,unusual,55.94,39
1874,defend,55.94,39
1875,classic,55.93,39
1876,king,55.93,39
1877,interaction,55.92,39
1878,repair,55.92,39
1879,collapse,55.92,39
1880,borrow,55.92,39
1881,fundamental,55.9,39
1882,dish,55.89,39
1883,abroad,55.89,39
1884,soul,55.89,39
1885,capable,55.88,39
1886,defeat,55.88,39
1887,presidential,55.87,39
1888,perfectly,55.87,39
1889,enhance,55.87,39
1890,proud,55.87,39
1891,emergency,55.87,39
1892,educational,55.87,39
1893,distinguish,55.86,39
1894,substantial,55.86,39
1895,nearby,55.85,38
1896,manufacturer,55.85,38
1897,slide,55.85,38
1898,valuable,55.85,38
1899,personally,55.85,38
1900,breast,55.85,38
1901,cope,55.83,38
1902,approximately,55.83,38
1903,accommodation,55.83,38
1904,highlight,55.83,38
1905,reporter,55.83,38
1906,climate,55.83,38
1907,shirt,55.82,38
1908,exception,55.82,38
1909,corporation,55.82,38
1910,chip,55.81,38
1911,winner,55.81,38
1912,encounter,55.81,38
1913,brown,55.81,38
1914,breathe,55.81,38
1915,excuse,55.8,38
1916,partly,55.8,38
1917,tennis,55.79,38
1918,urban,55.79,38
1919,confuse,55.79,38
1920,southern,55.79,38
1921,output,55.79,38
1922,beauty,55.79,38
1923,massive,55.79,38
1924,install,55.78,38
1925,calculate,55.78,38
1926,mouse,55.78,38
1927,mathematics,55.77,38
1928,upper,55.77,38
1929,creation,55.76,38
1930,occupy,55.76,38
1931,outline,55.76,38
1932,sufficient,55.76,38
1933,update,55.76,38
1934,luck,55.75,38
1935,preserve,55.75,38
1936,split,55.75,38
1937,swing,55.75,38
1938,illness,55.75,38
1939,journalist,55.75,38
1940,sudden,55.75,38
1941,advertisement,55.74,38
1942,consistent,55.74,38
1943,originally,55.73,37
1944,aside,55.73,37
1945,comfort,55.71,37
1946,secondly,55.71,37
1947,severe,55.7,37
1948,gene,55.7,37
1949,prospect,55.7,37
1950,snow,55.7,37
1951,plot,55.7,37
1952,neck,55.69,37
1953,criteria,55.67,37
1954,primarily,55.67,37
1955,integrate,55.67,37
1956,criticism,55.66,37
1957,convention,55.66,37
1958,bet,55.66,37
1959,retain,55.66,37
1960,sequence,55.66,37
1961,plain,55.65,37
1962,volunteer,55.64,37
1963,rural,55.64,37
1964,calm,55.64,37
1965,abandon,55.64,37
1966,examination,55.64,37
1967,silence,55.64,37
1968,rapidly,55.63,37
1969,efficient,55.62,37
1970,revolution,55.62,36
1971,delight,55.62,36
1972,spell,55.61,36
1973,premise,55.61,36
1974,lean,55.6,36
1975,dramatic,55.6,36
1976,differ,55.59,36
1977,grateful,55.59,36
1978,protein,55.59,36
1979,bike,55.59,36
1980,distribute,55.58,36
1981,intellectual,55.58,36
1982,derive,55.58,36
1983,crucial,55.58,36
1984,unemployment,55.57,36
1985,wheel,55.57,36
1986,crop,55.57,36
1987,minority,55.57,36
1988,origin,55.57,36
1989,interpretation,55.57,36
1990,gentleman,55.56,36
1991,drama,55.56,36
1992,landscape,55.56,36
1993,educate,55.56,36
1994,toy,55.55,36
1995,fault,55.55,36
1996,exhibit,55.55,36
1997,minor,55.54,36
1998,hunt,55.53,36
1999,storm,55.53,36
2000,thick,55.53,36
2001,achievement,55.53,36
2002,negotiate,55.53,36
2003,dominate,55.52,36
2004,supplier,55.51,36
2005,prize,55.51,36
2006,typically,55.51,36
2007,peer,55.51,36
2008,pension,55.51,36
2009,wing,55.51,36
2010,acquisition,55.51,36
2011,laughter,55.5,36
2012,deeply,55.5,36
2013,recognition,55.5,35
2014,electricity,55.5,35
2015,assistance,55.5,35
2016,roof,55.5,35
2017,retirement,55.5,35
2018,respectively,55.49,35
2019,variation,55.49,35
2020,ultimately,55.49,35
2021,proof,55.48,35
2022,soil,55.48,35
2023,smart,55.48,35
2024,layer,55.48,35
2025,upset,55.48,35
2026,tooth,55.47,35
2027,representation,55.47,35
2028,preparation,55.47,35
2029,dispute,55.47,35
2030,agenda,55.46,35
2031,emphasis,55.46,35
2032,edition,55.46,35
2033,silver,55.46,35
2034,entertainment,55.46,35
2035,honest,55.46,35
2036,undertake,55.44,35
2037,retail,55.44,35
2038,wire,55.44,35
2039,unlikely,55.44,35
2040,gay,55.43,35
2041,publication,55.43,35
2042,slight,55.43,35
2043,unknown,55.43,35
2044,framework,55.42,35
2045,zone,55.42,35
2046,restrict,55.42,35
2047,trace,55.41,35
2048,inch,55.41,35
2049,equivalent,55.41,35
2050,solid,55.39,35
2051,enterprise,55.39,35
2052,elderly,55.39,35
2053,owe,55.39,35
2054,governor,55.38,35
2055,uniform,55.38,35
2056,port,55.37,34
2057,pitch,55.37,34
2058,arrival,55.37,34
2059,contemporary,55.36,34
2060,gate,55.36,34
2061,ease,55.36,34
2062,beer,55.36,34
2063,specialist,55.35,34
2064,assure,55.35,34
2065,profile,55.35,34
2066,mood,55.34,34
2067,episode,55.34,34
2068,crack,55.33,34
2069,numerous,55.33,34
2070,submit,55.32,34
2071,symptom,55.32,34
2072,virtually,55.31,34
2073,era,55.31,34
2074,coverage,55.3,34
2075,tension,55.3,34
2076,cable,55.29,34
2077,sensitive,55.29,34
2078,nervous,55.29,34
2079,input,55.29,34
2080,isolate,55.28,34
2081,prisoner,55.27,34
2082,eliminate,55.27,34
2083,tight,55.27,34
2084,wet,55.27,34
2085,secondary,55.26,34
2086,welfare,55.26,34
2087,recruit,55.26,34
2088,exclude,55.25,34
2089,string,55.25,33
2090,cloud,55.25,33
2091,persuade,55.25,33
2092,inspire,55.24,33
2093,grand,55.24,33
2094,hence,55.24,33
2095,crew,55.23,33
2096,phenomenon,55.23,33
2097,pupil,55.23,33
2098,false,55.23,33
2099,assist,55.22,33
2100,restore,55.22,33
2101,formula,55.21,33
2102,alter,55.21,33
2103,perceive,55.2,33
2104,routine,55.2,33
2105,sink,55.19,33
2106,stare,55.19,33
2107,anymore,55.19,33
2108,hero,55.18,33
2109,supporter,55.18,33
2110,convert,55.18,33
2111,steady,55.18,33
2112,meter,55.17,33
2113,truck,55.17,33
2114,nose,55.17,33
2115,beside,55.17,33
2116,sail,55.17,33
2117,disaster,55.17,33
2118,pace,55.17,33
2119,heavily,55.17,33
2120,devote,55.16,33
2121,terrorist,55.16,33
2122,justify,55.16,33
2123,vital,55.16,33
2124,fascinate,55.16,33
2125,external,55.15,33
2126,spare,55.15,33
2127,whenever,55.15,33
2128,depression,55.14,33
2129,guilty,55.14,33
2130,underlie,55.14,33
2131,mom,55.14,33
2132,distinction,55.14,33
2133,satisfaction,55.14,33
2134,incorporate,55.14,33
2135,pour,55.14,33
2136,sweep,55.13,33
2137,obligation,55.13,33
2138,sir,55.12,33
2139,evaluate,55.11,32
2140,anger,55.1,32
2141,pub,55.1,32
2142,perception,55.1,32
2143,naturally,55.09,32
2144,currency,55.09,32
2145,database,55.09,32
2146,initially,55.09,32
2147,territory,55.08,32
2148,stream,55.08,32
2149,rarely,55.08,32
2150,height,55.07,32
2151,apparent,55.07,32
2152,western,55.07,32
2153,expansion,55.06,32
2154,constantly,55.06,32
2155,muscle,55.06,32
2156,scare,55.06,32
2157,badly,55.05,32
2158,everyday,55.05,32
2159,boundary,55.05,32
2160,ratio,55.05,32
2161,essay,55.05,32
2162,scream,55.04,32
2163,withdraw,55.03,32
2164,pollution,55.03,32
2165,disorder,55.03,32
2166,furniture,55.02,32
2167,symbol,55.01,32
2168,apartment,55.01,32
2169,demonstration,55.01,32
2170,analyst,55,32
2171,platform,54.99,32
2172,steel,54.99,32
2173,cake,54.99,32
2174,transform,54.99,32
2175,wound,54.98,31
2176,restriction,54.98,31
2177,foundation,54.98,31
2178,designer,54.98,31
2179,strain,54.98,31
2180,innovation,54.97,31
2181,album,54.97,31
2182,singer,54.97,31
2183,trail,54.96,31
2184,trap,54.96,31
2185,loose,54.96,31
2186,extension,54.95,31
2187,wealth,54.95,31
2188,gradually,54.95,31
2189,tank,54.95,31
2190,evil,54.94,31
2191,remarkable,54.94,31
2192,tune,54.94,31
2193,grass,54.94,31
2194,invitation,54.94,31
2195,transition,54.94,31
2196,frighten,54.93,31
2197,bid,54.93,31
2198,breed,54.93,31
2199,extraordinary,54.93,31
2200,brilliant,54.93,31
2201,adviser,54.93,31
2202,stem,54.93,31
2203,reverse,54.92,31
2204,mode,54.92,31
2205,mirror,54.92,31
2206,awful,54.92,31
2207,pose,54.92,31
2208,adjust,54.92,31
2209,creative,54.91,31
2210,nowadays,54.91,31
2211,poem,54.91,31
2212,agricultural,54.91,31
2213,competitor,54.91,31
2214,alcohol,54.91,31
2215,festival,54.9,31
2216,vegetable,54.9,31
2217,van,54.9,31
2218,confident,54.9,31
2219,planet,54.88,31
2220,curve,54.88,31
2221,knee,54.88,31
2222,overcome,54.88,31
2223,web,54.87,31
2224,depth,54.87,31
2225,entrance,54.86,31
2226,log,54.86,31
2227,giant,54.86,31
2228,god,54.85,31
2229,portion,54.85,31
2230,substance,54.85,31
2231,extensive,54.85,31
2232,interpret,54.84,30
2233,independence,54.83,30
2234,sugar,54.83,30
2235,inner,54.83,30
2236,harm,54.82,30
2237,consult,54.82,30
2238,pink,54.81,30
2239,shadow,54.81,30
2240,strip,54.81,30
2241,smooth,54.81,30
2242,intervention,54.81,30
2243,impress,54.81,30
2244,exam,54.81,30
2245,vice,54.81,30
2246,radical,54.8,30
2247,similarly,54.8,30
2248,behave,54.8,30
2249,loud,54.8,30
2250,dimension,54.8,30
2251,subsequent,54.79,30
2252,infection,54.79,30
2253,jacket,54.78,30
2254,efficiency,54.78,30
2255,dirty,54.78,30
2256,statistic,54.78,30
2257,regularly,54.78,30
2258,resort,54.78,30
2259,iron,54.77,30
2260,broadcast,54.77,30
2261,membership,54.77,30
2262,bread,54.77,30
2263,blind,54.77,30
2264,pure,54.76,30
2265,bloody,54.76,30
2266,ally,54.76,30
2267,quantity,54.76,30
2268,bend,54.76,30
2269,mature,54.75,30
2270,briefly,54.75,30
2271,alarm,54.75,30
2272,disturb,54.74,30
2273,sustain,54.74,30
2274,flood,54.74,30
2275,poverty,54.73,30
2276,crazy,54.73,30
2277,cite,54.73,30
2278,newly,54.72,30
2279,parallel,54.72,30
2280,gender,54.72,30
2281,sponsor,54.72,30
2282,boot,54.71,30
2283,accurate,54.7,30
2284,dealer,54.69,29
2285,button,54.69,29
2286,burden,54.69,29
2287,desert,54.69,29
2288,mate,54.69,29
2289,occasionally,54.68,29
2290,shareholder,54.68,29
2291,bowl,54.67,29
2292,discovery,54.67,29
2293,resistance,54.67,29
2294,bath,54.66,29
2295,frequency,54.66,29
2296,criticize,54.66,29
2297,tap,54.65,29
2298,philosophy,54.65,29
2299,lip,54.64,29
2300,attribute,54.64,29
2301,apologize,54.64,29
2302,approval,54.63,29
2303,grab,54.63,29
2304,entitle,54.63,29
2305,lend,54.63,29
2306,involvement,54.63,29
2307,exposure,54.63,29
2308,conventional,54.62,29
2309,digital,54.62,29
2310,translate,54.61,29
2311,edit,54.6,29
2312,formation,54.6,29
2313,deposit,54.6,29
2314,pleasant,54.58,29
2315,overseas,54.58,29
2316,advocate,54.58,29
2317,establishment,54.57,29
2318,summary,54.56,29
2319,rough,54.56,29
2320,pen,54.55,29
2321,recovery,54.55,28
2322,seal,54.55,28
2323,tube,54.55,28
2324,tower,54.54,28
2325,characterize,54.54,28
2326,specify,54.53,28
2327,exact,54.52,28
2328,spin,54.52,28
2329,operator,54.51,28
2330,infant,54.51,28
2331,dig,54.5,28
2332,drag,54.5,28
2333,mount,54.5,28
2334,wrap,54.5,28
2335,anticipate,54.5,28
2336,dependent,54.5,28
2337,specialize,54.5,28
2338,angle,54.49,28
2339,chicken,54.49,28
2340,anxiety,54.49,28
2341,virus,54.48,28
2342,precisely,54.48,28
2343,rival,54.48,28
2344,offense,54.48,28
2345,detect,54.48,28
2346,teenager,54.47,28
2347,admire,54.47,28
2348,moderate,54.46,28
2349,surgery,54.46,28
2350,musician,54.46,28
2351,significance,54.46,28
2352,shower,54.45,28
2353,illegal,54.45,28
2354,charity,54.44,28
2355,universal,54.44,28
2356,cigarette,54.44,28
2357,constitute,54.44,28
2358,adequate,54.44,28
2359,consultant,54.44,28
2360,historian,54.44,28
2361,cousin,54.43,28
2362,visual,54.43,28
2363,stupid,54.43,28
2364,keen,54.42,28
2365,ethnic,54.41,28
2366,twin,54.41,28
2367,clinical,54.41,28
2368,eastern,54.4,28
2369,forecast,54.4,28
2370,segment,54.4,28
2371,custom,54.4,28
2372,adapt,54.4,28
2373,sand,54.39,28
2374,cap,54.39,27
2375,prompt,54.38,27
2376,charm,54.38,27
2377,react,54.38,27
2378,lecture,54.37,27
2379,venture,54.37,27
2380,compound,54.37,27
2381,rescue,54.37,27
2382,mess,54.36,27
2383,preference,54.36,27
2384,comprehensive,54.35,27
2385,incentive,54.35,27
2386,league,54.33,27
2387,dialog,54.33,27
2388,cream,54.33,27
2389,rapid,54.32,27
2390,cancel,54.32,27
2391,regret,54.32,27
2392,dismiss,54.32,27
2393,margin,54.32,27
2394,beneath,54.32,27
2395,opponent,54.31,27
2396,resist,54.3,27
2397,capability,54.3,27
2398,absolute,54.3,27
2399,correspond,54.3,27
2400,stroke,54.3,27
2401,dare,54.3,27
2402,barrier,54.3,27
2403,rid,54.29,27
2404,divorce,54.27,27
2405,ruin,54.26,27
2406,bury,54.26,27
2407,counsel,54.26,27
2408,tendency,54.26,27
2409,frequent,54.26,27
2410,motor,54.25,27
2411,survival,54.25,27
2412,counter,54.25,27
2413,possess,54.25,27
2414,permission,54.24,27
2415,valley,54.24,27
2416,float,54.24,27
2417,mad,54.24,27
2418,greatly,54.23,27
2419,visible,54.23,26
2420,electric,54.23,26
2421,impressive,54.22,26
2422,evolution,54.21,26
2423,awareness,54.21,26
2424,violent,54.21,26
2425,slave,54.21,26
2426,wealthy,54.21,26
2427,architecture,54.21,26
2428,acceptable,54.21,26
2429,journal,54.21,26
2430,coal,54.21,26
2431,measurement,54.21,26
2432,random,54.21,26
2433,successfully,54.19,26
2434,depress,54.19,26
2435,illustration,54.18,26
2436,burst,54.18,26
2437,privilege,54.18,26
2438,buyer,54.18,26
2439,mutual,54.18,26
2440,rail,54.17,26
2441,motivate,54.16,26
2442,laboratory,54.15,26
2443,mortgage,54.15,26
2444,promotion,54.14,26
2445,passion,54.14,26
2446,champion,54.13,26
2447,fulfill,54.13,26
2448,dust,54.13,26
2449,dedicate,54.12,26
2450,roughly,54.12,26
2451,skirt,54.12,26
2452,province,54.12,26
2453,march,54.11,26
2454,evaluation,54.11,26
2455,compromise,54.11,26
2456,accomplish,54.11,26
2457,weakness,54.11,26
2458,announcement,54.11,26
2459,salt,54.11,26
2460,glance,54.1,26
2461,opera,54.1,26
2462,contest,54.1,26
2463,brush,54.1,26
2464,embarrass,54.09,26
2465,gallery,54.09,26
2466,genetic,54.09,26
2467,aggressive,54.09,26
2468,chest,54.09,26
2469,format,54.08,26
2470,literary,54.08,26
2471,govern,54.08,26
2472,embrace,54.06,25
2473,praise,54.05,25
2474,silent,54.05,25
2475,pump,54.04,25
2476,publisher,54.04,25
2477,celebration,54.04,25
2478,golf,54.04,25
2479,compensation,54.04,25
2480,classical,54.04,25
2481,weigh,54.03,25
2482,versus,54.03,25
2483,deficit,54.02,25
2484,modify,54.02,25
2485,flash,54.02,25
2486,friendship,54.02,25
2487,profession,54.01,25
2488,literally,54.01,25
2489,equation,54.01,25
2490,gesture,54.01,25
2491,entertain,54,25
2492,fantastic,54,25
2493,assign,54,25
2494,inflation,54,25
2495,historic,54,25
2496,injure,53.98,25
2497,remote,53.98,25
2498,therapy,53.97,25
2499,orange,53.97,25
2500,twist,53.97,25
2501,personnel,53.97,25
2502,imagination,53.96,25
2503,disagree,53.96,25
2504,throat,53.95,25
2505,insight,53.94,25
2506,tackle,53.94,25
2507,forever,53.93,25
2508,exceed,53.93,25
2509,expenditure,53.93,25
2510,joy,53.92,25
2511,pregnant,53.91,25
2512,reliable,53.91,25
2513,gear,53.91,25
2514,click,53.91,25
2515,poet,53.91,25
2516,fortune,53.91,25
2517,ceremony,53.9,25
2518,pile,53.9,25
2519,pig,53.89,25
2520,mixture,53.89,25
2521,automatically,53.88,24
2522,scholar,53.87,24
2523,psychological,53.87,24
2524,dramatically,53.87,24
2525,stake,53.87,24
2526,creature,53.87,24
2527,partnership,53.87,24
2528,participation,53.86,24
2529,clause,53.86,24
2530,penalty,53.86,24
2531,chamber,53.86,24
2532,fancy,53.86,24
2533,poetry,53.86,24
2534,chat,53.85,24
2535,clothing,53.85,24
2536,evolve,53.85,24
2537,sake,53.85,24
2538,shelf,53.84,24
2539,boost,53.84,24
2540,tail,53.83,24
2541,possession,53.83,24
2542,abortion,53.83,24
2543,curious,53.83,24
2544,wooden,53.82,24
2545,boom,53.82,24
2546,tale,53.82,24
2547,democratic,53.81,24
2548,maintenance,53.8,24
2549,consequently,53.8,24
2550,pot,53.8,24
2551,cow,53.79,24
2552,strengthen,53.79,24
2553,whilst,53.79,24
2554,constraint,53.79,24
2555,fold,53.79,24
2556,bin,53.79,24
2557,undergo,53.79,24
2558,potentially,53.78,24
2559,scope,53.78,24
2560,pretend,53.78,24
2561,diversity,53.77,24
2562,allege,53.77,24
2563,pride,53.76,24
2564,intense,53.76,24
2565,inquiry,53.75,24
2566,resign,53.75,24
2567,craft,53.75,24
2568,strict,53.75,24
2569,concrete,53.74,24
2570,shell,53.74,24
2571,damn,53.72,24
2572,distinct,53.72,24
2573,humor,53.71,24
2574,limitation,53.71,24
2575,indication,53.71,23
2576,stability,53.7,23
2577,wise,53.7,23
2578,neglect,53.7,23
2579,compose,53.7,23
2580,jail,53.7,23
2581,shelter,53.69,23
2582,mere,53.69,23
2583,carbon,53.69,23
2584,regulate,53.69,23
2585,cheese,53.68,23
2586,trigger,53.68,23
2587,pipe,53.67,23
2588,destruction,53.67,23
2589,guitar,53.67,23
2590,flag,53.67,23
2591,piano,53.66,23
2592,magic,53.66,23
2593,mystery,53.66,23
2594,ski,53.66,23
2595,whisper,53.65,23
2596,rear,53.65,23
2597,menu,53.65,23
2598,species,53.64,23
2599,moon,53.64,23
2600,presumably,53.64,23
2601,bless,53.64,23
2602,airline,53.64,23
2603,amendment,53.63,23
2604,grandmother,53.63,23
2605,jury,53.62,23
2606,cooperation,53.62,23
2607,civilian,53.61,23
2608,composition,53.61,23
2609,coin,53.6,23
2610,regardless,53.6,23
2611,scan,53.59,23
2612,bunch,53.59,23
2613,racial,53.58,23
2614,greet,53.58,23
2615,hopefully,53.58,23
2616,sanction,53.58,23
2617,trick,53.58,23
2618,paragraph,53.58,23
2619,maker,53.57,23
2620,chocolate,53.56,23
2621,stimulate,53.56,23
2622,belt,53.56,23
2623,potato,53.55,23
2624,narrative,53.55,23
2625,tissue,53.55,23
2626,barely,53.54,23
2627,invent,53.54,23
2628,tourism,53.54,23
2629,pro,53.53,23
2630,stair,53.53,23
2631,hesitate,53.52,23
2632,shine,53.52,23
2633,motivation,53.52,23
2634,romantic,53.51,22
2635,firmly,53.51,22
2636,interior,53.51,22
2637,stomach,53.51,22
2638,nowhere,53.5,22
2639,pray,53.49,22
2640,championship,53.48,22
2641,servant,53.48,22
2642,immigrant,53.48,22
2643,excess,53.48,22
2644,complexity,53.47,22
2645,liability,53.47,22
2646,surprisingly,53.46,22
2647,extract,53.46,22
2648,implementation,53.45,22
2649,bias,53.44,22
2650,differently,53.44,22
2651,catalog,53.43,22
2652,continuous,53.43,22
2653,golden,53.42,22
2654,stamp,53.42,22
2655,guideline,53.41,22
2656,envelope,53.41,22
2657,knife,53.41,22
2658,biological,53.4,22
2659,consume,53.4,22
2660,luxury,53.39,22
2661,weekly,53.39,22
2662,wherever,53.39,22
2663,bite,53.38,22
2664,printer,53.38,22
2665,firstly,53.38,22
2666,anxious,53.38,22
2667,adventure,53.38,22
2668,fence,53.37,22
2669,exhaust,53.36,22
2670,attraction,53.36,22
2671,ocean,53.36,22
2672,quietly,53.36,22
2673,castle,53.36,22
2674,veteran,53.35,22
2675,reflection,53.35,22
2676,nerve,53.35,22
2677,determination,53.34,22
2678,altogether,53.34,22
2679,fiction,53.33,22
2680,carpet,53.31,21
2681,cluster,53.31,21
2682,confusion,53.29,21
2683,hurry,53.29,21
2684,logic,53.29,21
2685,controversial,53.28,21
2686,raw,53.28,21
2687,grammar,53.26,21
2688,revise,53.26,21
2689,hint,53.26,21
2690,hook,53.25,21
2691,bell,53.25,21
2692,liquid,53.24,21
2693,panic,53.24,21
2694,uncle,53.23,21
2695,rice,53.22,21
2696,slope,53.22,21
2697,happiness,53.21,21
2698,genuine,53.21,21
2699,vessel,53.2,21
2700,verb,53.2,21
2701,reckon,53.19,21
2702,silly,53.18,21
2703,transportation,53.18,21
2704,harbor,53.18,21
2705,comedy,53.17,21
2706,chase,53.17,21
2707,storage,53.16,21
2708,universe,53.16,21
2709,horrible,53.16,21
2710,sheep,53.16,21
2711,lover,53.16,21
2712,rat,53.15,21
2713,portrait,53.15,21
2714,innocent,53.15,21
2715,substitute,53.14,21
2716,supplement,53.14,21
2717,adjustment,53.13,21
2718,reasonably,53.13,21
2719,filter,53.13,21
2720,flexible,53.13,21
2721,abstract,53.12,21
2722,tent,53.11,20
2723,precise,53.11,20
2724,distant,53.1,20
2725,stranger,53.1,20
2726,shade,53.09,20
2727,grain,53.07,20
2728,situate,53.07,20
2729,summarize,53.07,20
2730,leap,53.07,20
2731,snap,53.06,20
2732,probability,53.06,20
2733,leather,53.05,20
2734,uncertainty,53.04,20
2735,swear,53.04,20
2736,refugee,53.03,20
2737,shore,53.02,20
2738,monthly,52.99,20
2739,comprise,52.98,20
2740,stir,52.98,20
2741,excitement,52.96,20
2742,sigh,52.95,20
2743,pregnancy,52.95,20
2744,experimental,52.95,20
2745,institutional,52.94,20
2746,slice,52.94,20
2747,wander,52.94,20
2748,empire,52.93,20
2749,subsequently,52.93,20
2750,gentle,52.91,20
2751,attendance,52.9,19
2752,ownership,52.89,19
2753,qualification,52.89,19
2754,suspend,52.88,19
2755,functional,52.87,19
2756,voluntary,52.86,19
2757,pale,52.86,19
2758,stain,52.86,19
2759,athlete,52.85,19
2760,organic,52.85,19
2761,tongue,52.85,19
2762,server,52.82,19
2763,structural,52.82,19
2764,website,52.82,19
2765,fool,52.81,19
2766,alongside,52.81,19
2767,unite,52.8,19
2768,gently,52.79,19
2769,compute,52.78,19
2770,wipe,52.76,19
2771,weird,52.75,19
2772,gaze,52.74,19
2773,fade,52.73,19
2774,cough,52.73,19
2775,hypothesis,52.71,19
2776,royal,52.69,19
2777,theoretical,52.67,19
2778,curtain,52.67,18
2779,mayor,52.55,18
2780,darkness,52.49,18
2781,aunt,52.45,18
2782,tournament,52.4,17
2783,registration,52.38,17
2784,fragment,52.38,17
2785,listener,52.32,17
2786,immigration,52.28,17
2787,tender,52.12,16
2788,density,52.05,16
2789,ugly,52,16
2790,module,51.85,15
2791,faithfully,51.79,15
2792,autumn,51.75,15
2793,cheek,51.73,15
2794,attachment,51.69,15
2795,holder,51.58,14
2796,solar,51.47,14
2797,grin,50.96,12
2798,rose,50.8,12
2799,noun,50.41,11
2800,fortunate,50.37,11
2801,alright,50.32,11
2802,lazy,50.05,10
2803,hello,49.89,10
2804,hunger,49.7,9
2805,insure,49.65,9
2806,ashamed,49.28,8
2807,found,48.26,7
2808,blog,48.19,7
2809,thirst,44.79,3
